"","ObjectNum","Name","Type","Magnitude","Info","Constellation","List","Season","Zone"
"1","40","PK 120+9.1","Planetary Nebula",10,"Size: 0.6  F, vS, R, vsmbM, *12 sp","Cephas","Herschel 400","Winter","Green"
"2","129","OCL 294","Open Cluster",6.5,"Size: 21.  Cl, vL, pR, lC, st 9...13","Cassiopeia","Herschel 400","Winter","Yellow"
"3","136","OCL 295","Open Cluster",NA,"Size: 1.  glob. cl. , vF, S, eC","Cassiopeia","Herschel 400","Winter","Red"
"4","157","MCG 2-2-56","Galaxy",9.4,"Size: 4.3  pB, L, E, bet 2 cB st","Cetus","Herschel 400","Fall","Green"
"5","185","UGC 396","Galaxy",8.2,"Size: 11.5  pB, vL, iR, vgmbM, r","Cassiopeia","Herschel 400","Winter","Green"
"6","205","M 110","Galaxy",7,"Size: 17.4  vB, vL, mE 165deg , vgvmbM;","Andramada","Herschel 400","Fall","Green"
"7","225","OCL 305","Open Cluster",7,"Size: 12.  Cl, L, lC, st 9...10","Cassiopeia","Herschel 400","Winter","Green"
"8","246","PK 118-74.1","Planetary Nebula",7,"Size: 3.8  vF, L, 4 st in dif neb","Cetus","Herschel 400","Fall","Green"
"9","247","ESO 540-22","Galaxy",7.9,"Size: 20.0  F, eL, vmE 172deg","Cetus","Herschel 400","Fall","Green"
"10","253","ESO 474-29","Galaxy",6.1,"Size: 25.1  !! vvB, vvL, vmE 54deg , gbM","Sculptor","Herschel 400","Fall","Green"
"11","278","UGC 528","Galaxy",9.9,"Size: 2.2  cB, pL, R, 2 st 10 nr","Cassiopeia","Herschel 400","Winter","Green"
"12","288","ESO 474-SC37","Globular Cluster",8.1,"Size: 13.8  glob. cl. , B, L, lE, st 12.","Sculptor","Herschel 400","Fall","Green"
"13","381","OCL 317","Open Cluster",9,"Size: 6.  Cl, pC","Cassiopeia","Herschel 400","Winter","Green"
"14","404","UGC 718","Galaxy",9.1,"Size: 4.4  pB, cL, R, gbM, beta And sf","Andramada","Herschel 400","Fall","Green"
"15","436","OCL 320","Open Cluster",8.8,"Size: 6.  Cl, S, iF, pC","Cassiopeia","Herschel 400","Winter","Green"
"16","457","OCL 321","Open Cluster",6.4,"Size: 13.  Cl, B, L, pRi, st 7, 8, 10","Cassiopeia","Herschel 400","Winter","Green"
"17","488","UGC 907","Galaxy",9.3,"Size: 5.2  pB, L, R, svmbM, *8 f 10'","Pisces","Herschel 400","Fall","Green"
"18","524","UGC 968","Galaxy",9.6,"Size: 3.2  vB, pL, mbM, 4 S st nr","Pisces","Herschel 400","Fall","Green"
"19","559","OCL 322","Open Cluster",9.5,"Size: 4.  Cl, B, pL, pRi","Cassiopeia","Herschel 400","Winter","Green"
"20","584","IC 1712;H I 100","Galaxy",9.4,"Size: 3.8  vB, pL, R, mbM, p of 2; = IC","Cetus","Herschel 400","Fall","Green"
"21","596","MCG 1-5-5","Galaxy",9.9,"Size: 3.5  pB, R, bM, R, *6 f 12'","Cetus","Herschel 400","Fall","Green"
"22","598","M 33","Galaxy",4.7,"Size: 62.  ! eB, eL, R, vgbMN; = M33","Triangulum","Herschel 400","Fall","Green"
"23","613","ESO 413-11","Galaxy",9,"Size: 5.8  vB, vL, vmE 118deg , sbM, *10","Sculptor","Herschel 400","Fall","Green"
"24","615","MCG 1-5-8","Galaxy",10.5,"Size: 4.0  pB, pL, ilE, gbM, r, *8 np 10","Cetus","Herschel 400","Fall","Green"
"25","637","OCL 329","Open Cluster",8.2,"Size: 4.  Cl, pS, B & vF st","Cassiopeia","Herschel 400","Winter","Green"
"26","651","M 76","Planetary Nebula",11,"vB, f of Dneb; = M76","Perseus","Herschel 400","Winter","Green"
"27","654","OCL 330","Open Cluster",6.5,"Size: 5.  Cl, iF, Ri, one *6-7, st 11...","Cassiopeia","Herschel 400","Winter","Green"
"28","659","OCL 332","Open Cluster",7.9,"Size: 5.  Cl, lRi, st B","Cassiopeia","Herschel 400","Winter","Green"
"29","663","OCL 333","Open Cluster",7.1,"Size: 16.  Cl, B, L, eRi, st pL","Cassiopeia","Herschel 400","Winter","Green"
"30","720","MCG 2-5-68","Galaxy",9.2,"Size: 4.4  cB, pL, lE, psmbM","Cetus","Herschel 400","Fall","Green"
"31","752","OCL 363","Open Cluster",5.7,"Size: 50.  Cl, vvL, Ri, st L & sc","Andramada","Herschel 400","Fall","Green"
"32","772","UGC 1466","Galaxy",9.3,"Size: 7.1  B, cL, R, gbM, r","Aries","Herschel 400","Fall","Green"
"33","779","MCG 1-6-16","Galaxy",10,"Size: 4.1  cB, L, mE 162deg , mbM","Cetus","Herschel 400","Fall","Green"
"34","869","OCL 350","Open Cluster",4,"Size: 30.  ! Cl, vvL, vRi, st 7...14","Perseus","Herschel 400","Winter","Green"
"35","884","OCL 353","Open Cluster",4,"Size: 30.  ! Cl, vL, vRi, ruby * M","Perseus","Herschel 400","Winter","Green"
"36","891","UGC 1831","Galaxy",9,"Size: 13.5  ! B, vL, vmE 22deg","Andramada","Herschel 400","Fall","Green"
"37","908","ESO 545-11","Galaxy",9.2,"Size: 5.5  cB, vL, E","Cetus","Herschel 400","Fall","Green"
"38","936","UGC 1929","Galaxy",9.1,"Size: 5.2  vB, vL, R, mbMN, p of 2","Cetus","Herschel 400","Fall","Green"
"39","1022","MCG 1-7-25","Galaxy",10.4,"Size: 2.5  cB, pL, R, mbM, *11 nf 2'","Cetus","Herschel 400","Fall","Green"
"40","1023","UGC 2154","Galaxy",8.5,"Size: 8.7  vB, vL, vmE, vvmbM","Perseus","Herschel 400","Winter","Green"
"41","1027","OCL 357","Open Cluster",6.7,"Size: 20.  Cl, L, sc st, one 10m","Cassiopeia","Herschel 400","Winter","Green"
"42","1052","MCG 1-7-34","Galaxy",9.6,"Size: 2.9  B, pL, R, mbM *12","Cetus","Herschel 400","Fall","Green"
"43","1055","UGC 2173","Galaxy",9.6,"Size: 7.6  pF, cL, iE 80deg , bM, *11 n","Cetus","Herschel 400","Fall","Green"
"44","1084","MCG 1-8-7","Galaxy",9.6,"Size: 2.9  vB, pL, E, gpmbM","Eridanus","Herschel 400","Winter","Green"
"45","1245","OCL 389","Open Cluster",8.4,"Size: 10.  Cl, pL, Ri, C, iR, st 12...15","Perseus","Herschel 400","Winter","Green"
"46","1342","OCL 401","Open Cluster",6.7,"Size: 14.  Cl, vL, ab 60 st","Perseus","Herschel 400","Winter","Green"
"47","1407","ESO 548-67","Galaxy",8.8,"Size: 2.5  vB, L, R, svmbMN","Eridanus","Herschel 400","Winter","Green"
"48","1444","OCL 394","Open Cluster",6.6,"Size: 4.  Cl of ab 30 st 12...14","Perseus","Herschel 400","Winter","Green"
"49","1501","PK 144+6.1","Planetary Nebula",12,"Size: 0.9  PN , pB, pS, vlE, 1' diam","Camelopardalis","Herschel 400","Fall","Green"
"50","1502","OCL 383","Open Cluster",5.7,"Size: 8.  Cl, pRi, cC, iF","Camelopardalis","Herschel 400","Fall","Green"
"51","1513","OCL 398","Open Cluster",8.4,"Size: 9.  Cl, L, vRi, pC, st vL","Perseus","Herschel 400","Winter","Green"
"52","1528","OCL 397","Open Cluster",6.4,"Size: 24.  Cl, B, vRi, cC","Perseus","Herschel 400","Winter","Green"
"53","1535","PK 206-40.1","Planetary Nebula",9,"Size: 0.7  PN , vB, S, R, pS, vsbM, r","Eridanus","Herschel 400","Winter","Green"
"54","1545","OCL 399","Open Cluster",6.2,"Size: 18.  Cl, pRi, lC, st L","Perseus","Herschel 400","Winter","Green"
"55","1647","OCL 457","Open Cluster",6.4,"Size: 45.  Cl, vL, st L, sc","Taurus","Herschel 400","Winter","Green"
"56","1664","OCL 411","Open Cluster",7.6,"Size: 18.  Cl, lRi, lC, pL","Auriga","Herschel 400","Fall","Green"
"57","1788","LBN 916","Nebula",NA,"Size: 8.  B, cL, R, bM *** ; *10 inv in","Orion","Herschel 400","Winter","Green"
"58","1817","OCL 463","Open Cluster",7.7,"Size: 16.  Cl, L, Ri, lC, st 11...14","Taurus","Herschel 400","Winter","Green"
"59","1857","OCL 428","Open Cluster",7,"Size: 6.  Cl, pRi, pC, st 7...","Auriga","Herschel 400","Fall","Green"
"60","1907","OCL 434","Open Cluster",8.2,"Size: 7.  Cl, pRi, pC, R, st 9...12","Auriga","Herschel 400","Fall","Green"
"61","1931","OCL 441","Cluster Nebulosity",10.3,"Size: 3.  vB, L, R, B***  in M","Auriga","Herschel 400","Fall","Green"
"62","1961","IC 2133","Galaxy",10.1,"Size: 4.3  cF, pL, iF, mbM, er, * inv; (","Camelopardalis","Herschel 400","Fall","Green"
"63","1964","ESO 554-10","Galaxy",9.8,"Size: 6.2  F, L, R, vsvmbM *12, 3 st inv","Lepus","Herschel 400","Fall","Green"
"64","1980","OCL 529","Nebula",NA,"Size: 14.  vF, vvL, 44 Ori inv","Orion","Herschel 400","Winter","Green"
"65","1999","LBN 979","Nebula",NA,"Size: 16.  *10-11 inv in neb","Orion","Herschel 400","Winter","Green"
"66","2022","PK 196-10.1","Planetary Nebula",11,"Size: 0.3  PN , pB, vS, vlE","Orion","Herschel 400","Winter","Green"
"67","2024","CED 55P","Nebula",NA,"Size: 30.  ! irr, B, vvL, black sp incl","Orion","Herschel 400","Winter","Green"
"68","2126","OCL 418","Open Cluster",10,"Size: 6.  Cl, not Ri, *7 n","Auriga","Herschel 400","Fall","Green"
"69","2129","OCL 467","Open Cluster",6.7,"Size: 7.  Cl, pL, 40 or 50 st 8...15","Gemini","Herschel 400","Winter","Green"
"70","2158","OCL 468","Open Cluster",8.6,"Size: 5.  Cl, pS, mC, vRi, irr triangle","Gemini","Herschel 400","Winter","Green"
"71","2169","OCL 481","Open Cluster",5.9,"Size: 7.  Cl, S, lRi, pmC, **  (ADS 4728","Orion","Herschel 400","Winter","Green"
"72","2185","LBN 997","Nebula",NA,"Size: 3.  *11 and 4 S st in vF, L neb","Monoceros","Herschel 400","Fall","Green"
"73","2186","OCL 498","Open Cluster",8.7,"Size: 4.  Cl, pL, pRi, pC, st L and S","Orion","Herschel 400","Winter","Green"
"74","2194","OCL 495","Open Cluster",8.5,"Size: 10.  Cl, L, Ri, gvmCM","Orion","Herschel 400","Winter","Green"
"75","2204","OCL 572","Open Cluster",8.6,"Size: 13.  Cl, L, pRi, lC","Canis Major","Herschel 400","Winter","Green"
"76","2215","OCL 550","Open Cluster",8.4,"Size: 11.  Cl, cL, pRi, pC, st 11...15","Monoceros","Herschel 400","Fall","Green"
"77","2232","OCL 545","Open Cluster",3.9,"Size: 30.  B* (10 Mon) + Cl","Monoceros","Herschel 400","Fall","Green"
"78","2244","NGC 2239","Open Cluster",4.8,"Size: 24.  Cl, beautiful, st sc (12 Mon)","Monoceros","Herschel 400","Fall","Green"
"79","2251","OCL 499","Open Cluster",7.3,"Size: 10.  Cl, vL, E, Ri, lC","Monoceros","Herschel 400","Fall","Green"
"80","2264","OCL 495","Cluster Nebulosity",2.9,"Size: 60.  eL neb, 3deg  diam, densest 1","Monoceros","Herschel 400","Fall","Green"
"81","2266","OCL 471","Open Cluster",10,"Size: 7.  Cl, pS, eC, Ri, st 11...15","Gemini","Herschel 400","Winter","Green"
"82","2281","OCL 446","Open Cluster",5.4,"Size: 15.  Cl, pRi, vlC, st pL","Auriga","Herschel 400","Fall","Green"
"83","2286","OCL 548","Open Cluster",7.5,"Size: 15.  Cl, L, C, ab 100 st 9...15","Monoceros","Herschel 400","Fall","Green"
"84","2301","OCL 540","Open Cluster",6,"Size: 12.  Cl, Ri, L, iF, st L & S","Monoceros","Herschel 400","Fall","Green"
"85","2304","OCL 484","Open Cluster",10,"Size: 5.  Cl, pL, Ri, mC, st vS","Gemini","Herschel 400","Winter","Green"
"86","2311","OCL 553","Open Cluster",10,"Size: 7.  Cl, lC, not Ri","Monoceros","Herschel 400","Fall","Green"
"87","2324","OCL 542","Open Cluster",8.4,"Size: 8.  Cl, L, Ri, cC, st 12...16","Monoceros","Herschel 400","Fall","Green"
"88","2335","OCL 562","Open Cluster",7.2,"Size: 12.  Cl, L, lC","Monoceros","Herschel 400","Fall","Green"
"89","2343","OCL 565","Open Cluster",6.7,"Size: 7.  Cl, cL, P, lC","Monoceros","Herschel 400","Fall","Green"
"90","2353","OCL 567","Open Cluster",7.1,"Size: 20.  Cl, L, lC, one vB*","Monoceros","Herschel 400","Fall","Green"
"91","2354","OCL 639","Open Cluster",6.5,"Size: 20.  Cl, cRi, lC","Canis Major","Herschel 400","Winter","Green"
"92","2355","NGC 2356","Open Cluster",10,"Size: 9.  Cl, pS, pRi, mC, st 15...16","Gemini","Herschel 400","Winter","Green"
"93","2360","OCL 589","Open Cluster",7.2,"Size: 13.  Cl, vL, Ri, pC, st 9...12","Canis Major","Herschel 400","Winter","Green"
"94","2362","OCL 633","Cluster Nebulosity",3.1,"Size: 8.  Cl, pL, Ri (30 CMa)","Canis Major","Herschel 400","Winter","Green"
"95","2371","NGC 2372","Planetary Nebula",12,"Size: 0.9  B, S, R, bMN, p of Dneb","Gemini","Herschel 400","Winter","Green"
"96","2372","NGC 2371","Planetary Nebula",NA,"pB, S, R, bMN, f of Dneb","Gemini","Herschel 400","Winter","Green"
"97","2392","PK 197+17.1","Planetary Nebula",9,"Size: 0.7  B, S, R, *9 M, *8 nf 100""","Gemini","Herschel 400","Winter","Green"
"98","2395","OCL 502","Open Cluster",8,"Size: 12.  Cl, pRi, C","Gemini","Herschel 400","Winter","Green"
"99","2403","UGC 3918","Galaxy",7.4,"Size: 17.8  !! cB, eL, vmE, vgmbMN","Camelopardalis","Herschel 400","Fall","Green"
"100","2419","GCL 12","Globular Cluster",10.4,"Size: 4.1  pB, pL, lE 90deg , vgbM, *7-8","Lynx","Herschel 400","Fall","Green"
"101","2420","OCL 488","Open Cluster",8.3,"Size: 10.  Cl, cL, Ri, C, st 11...18","Gemini","Herschel 400","Winter","Green"
"102","2421","OCL 626","Open Cluster",8.3,"Size: 10.  Cl, L, cRi, st 11...13","Puppis","Herschel 400","Fall","Green"
"103","2422","M 47","Open Cluster",4.4,"Size: 30.  Cl, B, vL, pRi, st L and S; =","Puppis","Herschel 400","Fall","Green"
"104","2423","OCL 592","Open Cluster",6.7,"Size: 19.  Cl, vL, Ri, pC, st vS","Puppis","Herschel 400","Fall","Green"
"105","2438","PK 231+4.2","Planetary Nebula",9,"Size: 1.1  PN , pB, pS, vlE, r, 3s .75 d","Puppis","Herschel 400","Fall","Green"
"106","2440","PK 234+2.1","Planetary Nebula",10,"Size: 0.5  PN , cB, not v well def","Puppis","Herschel 400","Fall","Green"
"107","2479","OCL 623","Open Cluster",10,"Size: 7.  Cl, pL, pRi, pC, st S","Puppis","Herschel 400","Fall","Green"
"108","2482","OCL 653","Open Cluster",7.3,"Size: 12.  Cl, L, cRi, vlC","Puppis","Herschel 400","Fall","Green"
"109","2489","OCL 690","Open Cluster",7.9,"Size: 8.  Cl, pL, cRi, pC, st 11...13","Puppis","Herschel 400","Fall","Green"
"110","2506","OCL 593","Open Cluster",7.6,"Size: 7.  Cl, pL, vRi, C, st 11...20","Monoceros","Herschel 400","Fall","Green"
"111","2509","OCL 630","Open Cluster",9,"Size: 8.  Cl, B, pRi, lC, st S","Puppis","Herschel 400","Fall","Green"
"112","2527","NGC 2520","Open Cluster",6.5,"Size: 22.  Cl, vL, pRi, lC, st 10...15","Puppis","Herschel 400","Fall","Green"
"113","2539","OCL 611","Open Cluster",6.5,"Size: 22.  Cl, vL, Ri, lC, st 11...13","Puppis","Herschel 400","Fall","Green"
"114","2548","M 48","Open Cluster",5.8,"Size: 54.  Cl, vL, pRi, pmC, st 9...13;","Hydra","Herschel 400","Spring","Green"
"115","2567","OCL 708","Open Cluster",7.4,"Size: 10.  Cl, pL, pRi, lC, iR, st 11...","Puppis","Herschel 400","Fall","Green"
"116","2571","OCL 701","Open Cluster",7,"Size: 13.  Cl, vL, cRi, lC, st 9...","Puppis","Herschel 400","Fall","Green"
"117","2613","ESO 495-18","Galaxy",9.4,"Size: 7.2  cB, L, vmE 110deg","Pyxis","Herschel 400","Fall","Green"
"118","2627","OCL 714","Open Cluster",8,"Size: 11.  Cl, cL, pRi, pC, st 11...13","Pyxis","Herschel 400","Fall","Green"
"119","2655","UGC 4637","Galaxy",9.1,"Size: 5.1  vB, cL, lE 90deg , gsvmbM","Camelopardalis","Herschel 400","Fall","Green"
"120","2681","UGC 4645","Galaxy",9.3,"Size: 3.8  vB, vL, vg, vsmbM *10","Ursa Major","Herschel 400","Winter","Green"
"121","2683","UGC 4641","Galaxy",8.7,"Size: 9.3  vB, vL, vmE 39deg , gmbM","Lynx","Herschel 400","Fall","Green"
"122","2742","NGC 2816","Galaxy",10.7,"Size: 3.1  cB, cL, E 90deg , er","Ursa Major","Herschel 400","Winter","Green"
"123","2768","UGC 4821","Galaxy",9,"Size: 6.3  cB, cL, lE, psbMLBN","Ursa Major","Herschel 400","Winter","Green"
"124","2775","UGC 4820","Galaxy",9.3,"Size: 4.5  cB, cL, R, vgvsmbM, r","Cancer","Herschel 400","Spring","Green"
"125","2782","UGC 4862","Galaxy",10.5,"Size: 3.8  cB, R, mbMBN","Lynx","Herschel 400","Fall","Green"
"126","2787","UGC 4914","Galaxy",9.8,"Size: 3.4  B, pL, lE 90deg , mbM, r, vS*","Ursa Major","Herschel 400","Winter","Green"
"127","2811","MCG 3-24-3","Galaxy",10.3,"Size: 2.7  pB, pS, E, psmbM","Hydra","Herschel 400","Spring","Green"
"128","2841","UGC 4966","Galaxy",8.3,"Size: 8.1  vB, L, vmE 151deg , vsmbM = *","Ursa Major","Herschel 400","Winter","Green"
"129","2859","UGC 5001","Galaxy",9.7,"Size: 4.8  vB, pL, R, smbM","Leo Minor","Herschel 400","Fall","Green"
"130","2903","UGC 5079","Galaxy",7.9,"Size: 12.6  cB, vL, E, gmbM, r, sp of 2","Leo","Herschel 400","Spring","Green"
"131","2950","UGC 5176","Galaxy",10,"Size: 3.2  B, pS, R, vgvmbMN","Ursa Major","Herschel 400","Winter","Green"
"132","2964","UGC 5183","Galaxy",10.3,"Size: 3.0  B, vL, lE, vgbM, sp of 3","Leo","Herschel 400","Spring","Green"
"133","2974","MCG 0-25-8","Galaxy",9.8,"Size: 3.4  B, cS, iR, bM, *9 sp 43""","Sextans","Herschel 400","Fall","Green"
"134","2976","UGC 5221","Galaxy",9.2,"Size: 4.9  B, vL, mE 152deg , st inv","Ursa Major","Herschel 400","Winter","Green"
"135","2985","UGC 5253","Galaxy",9.5,"Size: 4.3  vB, cL, R, psmbM, * inv f","Ursa Major","Herschel 400","Winter","Green"
"136","3034","M 82","Galaxy",7.4,"Size: 11.2  vB, vL, vmE (ray); = M82","Ursa Major","Herschel 400","Winter","Green"
"137","3077","UGC 5398","Galaxy",8.9,"Size: 4.6  cB, cL, mbM, R with ray","Ursa Major","Herschel 400","Winter","Green"
"138","3079","UGC 5387","Galaxy",9.6,"Size: 7.6  vB, L, mE 135deg","Ursa Major","Herschel 400","Winter","Green"
"139","3115","MCG 1-26-18","Galaxy",8.2,"Size: 8.3  vB, L, vmE 46deg , vgsmbMEN","Sextans","Herschel 400","Fall","Green"
"140","3147","UGC 5532","Galaxy",9.7,"Size: 4.0  vB, L, R, vgvsvmbM","Draco","Herschel 400","Winter","Green"
"141","3166","UGC 5516","Galaxy",9.6,"Size: 5.2  B, pS, R, psmbM, 2nd of 3","Sextans","Herschel 400","Fall","Green"
"142","3169","UGC 5525","Galaxy",9.5,"Size: 4.8  B, pL, vlE, pgmbM, *11, 78deg","Sextans","Herschel 400","Fall","Green"
"143","3184","UGC 5557","Galaxy",8.8,"Size: 6.9  pB, vL, R, vgbM","Ursa Major","Herschel 400","Winter","Green"
"144","3190","UGC 5559","Galaxy",10,"Size: 4.6  B, pS, E, psbMN","Leo","Herschel 400","Spring","Green"
"145","3193","UGC 5562","Galaxy",9.9,"Size: 2.8  B, S, vlE, pslbM, *9.5 354deg","Leo","Herschel 400","Spring","Green"
"146","3198","UGC 5572","Galaxy",9.4,"Size: 8.3  pB, vL, mE 45deg , vgbM","Ursa Major","Herschel 400","Winter","Green"
"147","3226","UGC 5617","Galaxy",10.4,"Size: 2.8  pB, cL, R, D with 3227, pos 1","Leo","Herschel 400","Spring","Green"
"148","3227","UGC 5620","Galaxy",9.8,"Size: 5.6  pB, cL, R, D with 3226","Leo","Herschel 400","Spring","Green"
"149","3242","PK 261+32.1","Planetary Nebula",8,"Size: 20.8  ! PN , vB, lE 147deg , 45"" d","Hydra","Herschel 400","Spring","Green"
"150","3245","UGC 5663","Galaxy",9.8,"Size: 3.2  vB, pL, E 0deg , smbMEN","Leo Minor","Herschel 400","Fall","Green"
"151","3277","UGC 5731","Galaxy",10.7,"Size: 2.0  cB, cS, R, pgmbM","Leo Minor","Herschel 400","Fall","Green"
"152","3294","UGC 5753","Galaxy",10.7,"Size: 3.3  cB, L, mE 135deg , glbM","Leo Minor","Herschel 400","Fall","Green"
"153","3310","UGC 5786","Galaxy",9.9,"Size: 3.6  cB, pL, R, vg, vsmbMN 15""","Ursa Major","Herschel 400","Winter","Green"
"154","3344","UGC 5840","Galaxy",9,"Size: 6.9  cB, L, gbM, * inv, 2 st f","Leo Minor","Herschel 400","Fall","Green"
"155","3377","UGC 5899","Galaxy",9.2,"Size: 4.4  vB, cL, lE, svmbMBN","Leo","Herschel 400","Spring","Green"
"156","3379","M 105","Galaxy",8.3,"Size: 4.5  vB, cL, R, psbM, r; = M105","Leo","Herschel 400","Spring","Green"
"157","3384","NGC 3371","Galaxy",9,"Size: 5.9  vB, L, R, psmbM, 2nd of 3","Leo","Herschel 400","Spring","Green"
"158","3395","UGC 5931","Galaxy",11.1,"Size: 1.9  cB, pS, ilE, 1st of 2","Leo Minor","Herschel 400","Fall","Green"
"159","3412","UGC 5952","Galaxy",9.6,"Size: 3.6  B, S, lE 135deg +/- , smbMN","Leo","Herschel 400","Spring","Green"
"160","3414","UGC 5959","Galaxy",9.8,"Size: 3.6  B, pL, R, mbM","Leo Minor","Herschel 400","Fall","Green"
"161","3432","UGC 5986","Galaxy",10.3,"Size: 6.2  pB, pL, vmE 40deg , **  close","Leo Minor","Herschel 400","Fall","Green"
"162","3486","UGC 6079","Galaxy",9.3,"Size: 6.9  cB, cL, R, gmbM","Leo Minor","Herschel 400","Fall","Green"
"163","3489","UGC 6082","Galaxy",9.3,"Size: 3.7  vB, pL, lE 80deg +/- , smbMN","Leo","Herschel 400","Spring","Green"
"164","3504","UGC 6118","Galaxy",10.1,"Size: 2.7  B, L, E, mbMN, rr, p of 2","Leo Minor","Herschel 400","Fall","Green"
"165","3521","UGC 6150","Galaxy",7.9,"Size: 9.5  cB, cL, mE 140deg +/- , vsmbM","Leo","Herschel 400","Spring","Green"
"166","3556","M 108","Galaxy",9.1,"Size: 8.3  cB, vL, vmE 79deg , pbM, r; =","Ursa Major","Herschel 400","Winter","Green"
"167","3593","UGC 6272","Galaxy",10,"Size: 5.8  B, cL, E 90deg +/- , psmbM","Leo","Herschel 400","Spring","Green"
"168","3607","UGC 6297","Galaxy",9,"Size: 3.7  vB, L, R, vmbM, 2nd of 3","Leo","Herschel 400","Spring","Green"
"169","3608","UGC 6299","Galaxy",10,"Size: 3.0  B, pL, R, psbM, 3rd of 3","Leo","Herschel 400","Spring","Green"
"170","3610","UGC 6319","Galaxy",9.8,"Size: 3.2  vB, pS, lE 90deg +/- , vsvmbM","Ursa Major","Herschel 400","Winter","Green"
"171","3613","UGC 6323","Galaxy",11,"Size: 3.6  vB, cL, mE 305deg , smbMN","Ursa Major","Herschel 400","Winter","Green"
"172","3619","UGC 6330","Galaxy",12,"Size: 3.1  cB, cL, R, vgmbM","Ursa Major","Herschel 400","Winter","Green"
"173","3621","ESO 377-37","Galaxy",9,"Size: 10.0  cB, vL, E 160deg , am 4 st","Hydra","Herschel 400","Spring","Green"
"174","3626","NGC 3632","Galaxy",9.9,"Size: 3.1  B, S, vlE, sbM","Leo","Herschel 400","Spring","Green"
"175","3628","UGC 6350","Galaxy",8.5,"Size: 14.8  pB, vL, vmE 102deg","Leo","Herschel 400","Spring","Green"
"176","3631","UGC 6360","Galaxy",9.4,"Size: 4.6  pB, L, R, svmbMrN","Ursa Major","Herschel 400","Winter","Green"
"177","3640","UGC 6368","Galaxy",9.3,"Size: 4.1  B, pL, R, psbM","Leo","Herschel 400","Spring","Green"
"178","3655","UGC 6396","Galaxy",10.6,"Size: 1.6  pB, pS, iR, bM, r","Leo","Herschel 400","Spring","Green"
"179","3665","UGC 6426","Galaxy",9.8,"Size: 3.2  cB, cL, iR, pgmbM","Ursa Major","Herschel 400","Winter","Green"
"180","3675","UGC 6439","Galaxy",10,"Size: 5.9  vB, cL, vmE 0deg +/- , vsmbMN","Ursa Major","Herschel 400","Winter","Green"
"181","3686","UGC 6460","Galaxy",10.4,"Size: 3.3  pB, L, vlE, vgbM, r","Leo","Herschel 400","Spring","Green"
"182","3726","UGC 6537","Galaxy",9.4,"Size: 6.0  pB, vL, lE 0deg , vsmbM *15,","Ursa Major","Herschel 400","Winter","Green"
"183","3729","UGC 6547","Galaxy",10.4,"Size: 3.1  pB, pL, lE 0deg +/- , gbM, *1","Ursa Major","Herschel 400","Winter","Green"
"184","3810","UGC 6644","Galaxy",9.8,"Size: 4.3  B, L, vlE","Leo","Herschel 400","Spring","Green"
"185","3813","UGC 6651","Galaxy",10.7,"Size: 2.3  cB, pL, pmE 83deg , bM","Ursa Major","Herschel 400","Winter","Green"
"186","3877","UGC 6745","Galaxy",11,"Size: 5.4  B, L, mE 37deg","Ursa Major","Herschel 400","Winter","Green"
"187","3893","UGC 6778","Galaxy",10,"Size: 4.4  B, pL, R, mbM","Ursa Major","Herschel 400","Winter","Green"
"188","3898","UGC 6787","Galaxy",9.8,"Size: 4.4  B, pL, lE, svmbM","Ursa Major","Herschel 400","Winter","Green"
"189","3900","UGC 6786","Galaxy",10.4,"Size: 3.5  B, pL, vlE 0deg +/- , bMN","Leo","Herschel 400","Spring","Green"
"190","3912","NGC 3899","Galaxy",12,"Size: 1.7  F, pL, R, pgbM","Leo","Herschel 400","Spring","Green"
"191","3938","UGC 6856","Galaxy",9.4,"Size: 5.4  B, vL, R, bMpBN, er","Ursa Major","Herschel 400","Winter","Green"
"192","3941","UGC 6857","Galaxy",10,"Size: 3.8  vB, pL, R, smbM *9","Ursa Major","Herschel 400","Winter","Green"
"193","3945","UGC 6860","Galaxy",9.6,"Size: 5.5  B, pL, R, gmbM, r, *12 sp","Ursa Major","Herschel 400","Winter","Green"
"194","3949","UGC 6869","Galaxy",10,"Size: 3.0  cB, pL, pmE, vgbM","Ursa Major","Herschel 400","Winter","Green"
"195","3953","UGC 6870","Galaxy",9.1,"Size: 6.6  cB, L, E 0deg +/- , vsbMLrN","Ursa Major","Herschel 400","Winter","Green"
"196","3962","MCG 2-30-40","Galaxy",9.6,"Size: 2.9  cB, pL, iR, gmbM, triangle 2","Crater","Herschel 400","Spring","Green"
"197","3982","UGC 6918","Galaxy",11,"Size: 2.5  B, pL, R, g, sbM disc","Ursa Major","Herschel 400","Winter","Green"
"198","3992","M 109","Galaxy",8.8,"Size: 7.6  cB, vL, pmE, sbMBrN; = M109","Ursa Major","Herschel 400","Winter","Green"
"199","3998","UGC 6946","Galaxy",9.6,"Size: 3.1  cB, pS, R, vg, smbM","Ursa Major","Herschel 400","Winter","Green"
"200","4026","UGC 6985","Galaxy",11,"Size: 5.1  vB, cL, mE 176deg , vsvmbMBN","Ursa Major","Herschel 400","Winter","Green"
"201","4027","ESO 572-37","Galaxy",10.1,"Size: 3.0  glob. cl. , pF, pL, R, rr, st","Corvus","Herschel 400","Fall","Green"
"202","4030","UGC 6993","Galaxy",11,"Size: 4.3  cB, L, vlE, psmbM, B st nr","Virgo","Herschel 400","Spring","Green"
"203","4036","UGC 7005","Galaxy",9.6,"Size: 4.5  vB, vL, E","Ursa Major","Herschel 400","Winter","Green"
"204","4038","ESO 572-47","Galaxy",9.7,"Size: 2.6  pB, cL, R, vgbM","Corvus","Herschel 400","Fall","Green"
"205","4041","UGC 7014","Galaxy",10.1,"Size: 2.8  B, cL, R, g, psvmbMrN","Ursa Major","Herschel 400","Winter","Green"
"206","4051","UGC 7030","Galaxy",9.3,"Size: 5.0  B, vL, E, vgvsmbM *11","Ursa Major","Herschel 400","Winter","Green"
"207","4085","UGC 7075","Galaxy",11.3,"Size: 2.8  B, pL, pmE 78deg , vsbM","Ursa Major","Herschel 400","Winter","Green"
"208","4088","UGC 7081","Galaxy",9.5,"Size: 5.8  B, cL, E 55deg , lbM","Ursa Major","Herschel 400","Winter","Green"
"209","4102","UGC 7096","Galaxy",11,"Size: 3.2  B, pS, R, bMBN, *12 sp, vnr","Ursa Major","Herschel 400","Winter","Green"
"210","4111","UGC 7103","Galaxy",9.8,"Size: 4.8  vB, pS, mE 151deg","Canes Venatici","Herschel 400","Fall","Green"
"211","4143","UGC 7142","Galaxy",11,"Size: 2.9  cB, R, vg, vsbMN","Canes Venatici","Herschel 400","Fall","Green"
"212","4147","NGC 4153","Globular Cluster",10.3,"Size: 4.0  glob. cl. , vB, pL, R, gbM, r","Como Berenices","Herschel 400","Fall","Green"
"213","4150","UGC 7165","Galaxy",10.7,"Size: 2.5  B, S, R, pgmbM","Como Berenices","Herschel 400","Fall","Green"
"214","4151","UGC 7166","Galaxy",9.4,"Size: 5.9  vB, S, R, vsmbMBN, p of 2","Canes Venatici","Herschel 400","Fall","Green"
"215","4179","UGC 7214","Galaxy",9.9,"Size: 4.2  pB, pS, pmE 135deg +/- , bMN","Virgo","Herschel 400","Spring","Green"
"216","4203","UGC 7256","Galaxy",9.7,"Size: 3.6  vB, S, R, psmbM","Como Berenices","Herschel 400","Fall","Green"
"217","4214","NGC 4228","Galaxy",8.7,"Size: 7.9  cB, cL, iE, biN","Canes Venatici","Herschel 400","Fall","Green"
"218","4216","UGC 7284","Galaxy",9,"Size: 8.3  vB, vL, vmE 17deg , sbMN","Virgo","Herschel 400","Spring","Green"
"219","4245","UGC 7328","Galaxy",10.4,"Size: 3.3  cB, pL, vlE, smbM, r","Como Berenices","Herschel 400","Fall","Green"
"220","4251","UGC 7338","Galaxy",11,"Size: 4.2  vB, S, E, vsvmbMN, *6-7 f 90s","Como Berenices","Herschel 400","Fall","Green"
"221","4258","M 106","Galaxy",7.3,"Size: 18.2  vB, vL, vmE 0deg , sbMBN; =","Canes Venatici","Herschel 400","Fall","Green"
"222","4261","UGC 7360","Galaxy",9.3,"Size: 3.9  pB, pS, R, gbM","Virgo","Herschel 400","Spring","Green"
"223","4273","UGC 7380","Galaxy",10.9,"Size: 2.3  pB, L, E, gbM","Virgo","Herschel 400","Spring","Green"
"224","4274","UGC 7377","Galaxy",9.4,"Size: 6.9  vB, vL, E 90deg , mbMN","Como Berenices","Herschel 400","Fall","Green"
"225","4278","UGC 7386","Galaxy",9.2,"Size: 3.6  vB, pL, R, mbM, r, 1st of 3","Como Berenices","Herschel 400","Fall","Green"
"226","4281","UGC 7389","Galaxy",10.3,"Size: 3.1  B, vL, R, pgbM","Virgo","Herschel 400","Spring","Green"
"227","4293","UGC 7405","Galaxy",10,"Size: 6.0  F, vL, E, lbM, r","Como Berenices","Herschel 400","Fall","Green"
"228","4303","M 61","Galaxy",8.7,"Size: 6.0  vB, vL, vsbM*, biN; = M61","Virgo","Herschel 400","Spring","Green"
"229","4314","UGC 7443","Galaxy",9.5,"Size: 4.8  cB, L, E 150deg +/- , sbM, *","Como Berenices","Herschel 400","Fall","Green"
"230","4346","UGC 7463","Galaxy",11,"Size: 3.5  vF, S, mE 100deg +/- , vsmbMB","Canes Venatici","Herschel 400","Fall","Green"
"231","4350","UGC 7473","Galaxy",10.1,"Size: 3.2  cB, vS, mE, vsbM","Como Berenices","Herschel 400","Fall","Green"
"232","4361","ESO 573-PN19","Planetary Nebula",9,"Size: 1.8  vB, L, R, vsmbMN, r","Corvus","Herschel 400","Fall","Green"
"233","4365","UGC 7488","Galaxy",10,"Size: 6.2  cB, pL, vlE, gl, smbM","Virgo","Herschel 400","Spring","Green"
"234","4371","UGC 7493","Galaxy",9.8,"Size: 3.9  B, pS, R, gbM","Virgo","Herschel 400","Spring","Green"
"235","4394","UGC 7523","Galaxy",9.9,"Size: 3.9  pB, lE, bM","Como Berenices","Herschel 400","Fall","Green"
"236","4414","UGC 7539","Galaxy",9.3,"Size: 3.6  vB, L, E, g, vsmbM *","Como Berenices","Herschel 400","Fall","Green"
"237","4419","UGC 7551","Galaxy",10.1,"Size: 3.4  B, pmE 135deg +/- , sbM","Como Berenices","Herschel 400","Fall","Green"
"238","4429","UGC 7568","Galaxy",9.2,"Size: 5.5  B, L, cE, psbM, *10 nf","Virgo","Herschel 400","Spring","Green"
"239","4435","UGC 7575","Galaxy",9.9,"Size: 3.0  vB, cL, R, np of 2","Virgo","Herschel 400","Spring","Green"
"240","4438","UGC 7574","Galaxy",9.1,"Size: 9.3  B, cL, vlE, r, sf of 2","Virgo","Herschel 400","Spring","Green"
"241","4442","UGC 7583","Galaxy",9.5,"Size: 4.6  vB, pL, R, smbM","Virgo","Herschel 400","Spring","Green"
"242","4448","UGC 7591","Galaxy",10.1,"Size: 4.0  B, L, E 90deg , sbM","Como Berenices","Herschel 400","Fall","Green"
"243","4449","UGC 7592","Galaxy",8.4,"Size: 5.1  vB, cL, mE, D or bifid, rrr,","Canes Venatici","Herschel 400","Fall","Green"
"244","4450","UGC 7594","Galaxy",9.1,"Size: 4.8  B, L, R, gvmbM *, r, B* sp","Como Berenices","Herschel 400","Fall","Green"
"245","4459","UGC 7614","Galaxy",9.4,"Size: 3.8  pB, pL, iR, bM, r, *8 sf 2'","Como Berenices","Herschel 400","Fall","Green"
"246","4473","UGC 7631","Galaxy",9.2,"Size: 4.5  pB","Como Berenices","Herschel 400","Fall","Green"
"247","4477","UGC 7638","Galaxy",9.4,"Size: 4.0  pB, cL","Como Berenices","Herschel 400","Fall","Green"
"248","4478","UGC 7645","Galaxy",10.2,"Size: 2.0  pB, S, R, psbM, 2nd of 3","Virgo","Herschel 400","Spring","Green"
"249","4485","UGC 7648","Galaxy",11,"Size: 2.4  B, pS, iR, np of 2","Canes Venatici","Herschel 400","Fall","Green"
"250","4490","UGC 7651","Galaxy",8.8,"Size: 5.9  vB, vL, mE 130deg , r, sf of","Canes Venatici","Herschel 400","Fall","Green"
"251","4494","UGC 7662","Galaxy",8.9,"Size: 4.8  vB, pL, R, vsmbMN","Como Berenices","Herschel 400","Fall","Green"
"252","4526","NGC 4560","Galaxy",8.6,"Size: 7.2  vB, vL, mE 120deg +/- , psmbM","Virgo","Herschel 400","Spring","Green"
"253","4527","UGC 7721","Galaxy",9.4,"Size: 6.3  pB, L, pmE 69deg , mbM","Virgo","Herschel 400","Spring","Green"
"254","4535","UGC 7727","Galaxy",8.8,"Size: 6.8  pF, vL, r, spiral neb","Virgo","Herschel 400","Spring","Green"
"255","4536","UGC 7732","Galaxy",9.4,"Size: 7.4  B, vL, mE 110deg , sbM, er","Virgo","Herschel 400","Spring","Green"
"256","4546","MCG 1-32-27","Galaxy",9.3,"Size: 3.5  vB, cL, pmE 78deg , vsmbMN","Virgo","Herschel 400","Spring","Green"
"257","4548","M 91","Galaxy",9.2,"Size: 5.4  B, L, lE, lbM; = M91","Como Berenices","Herschel 400","Fall","Green"
"258","4550","UGC 7757","Galaxy",10.6,"Size: 3.5  pB, S, vlE, sp of 2","Virgo","Herschel 400","Spring","Green"
"259","4559","UGC 7766","Galaxy",8.9,"Size: 10.5  vB, vL, mE 150deg , gbM, 3 s","Como Berenices","Herschel 400","Fall","Green"
"260","4565","UGC 7772","Galaxy",8.6,"Size: 16.2  B, eL, eE 135deg , vsbMN = *","Como Berenices","Herschel 400","Fall","Green"
"261","4570","UGC 7785","Galaxy",9.9,"Size: 4.1  cB, pS, mE 0deg +/- , sbMrN","Virgo","Herschel 400","Spring","Green"
"262","4594","M 104","Galaxy",7.3,"Size: 8.9  !, vB, vL, eE 92deg , vsmbMN;","Virgo","Herschel 400","Spring","Green"
"263","4596","UGC 7828","Galaxy",9.5,"Size: 3.9  B, pS, R, gmbM, r, 3 st f","Virgo","Herschel 400","Spring","Green"
"264","4618","IC 3667","Galaxy",9.8,"Size: 4.4  B, L, E, mbM, curved branch n","Canes Venatici","Herschel 400","Fall","Green"
"265","4631","UGC 7865","Galaxy",8.3,"Size: 15.1  !, vB, vL, eE 70deg +/- , bM","Canes Venatici","Herschel 400","Fall","Green"
"266","4636","NGC 4624?","Galaxy",8.6,"Size: 6.2  B, L, iR, vgvmbM, r","Virgo","Herschel 400","Spring","Green"
"267","4643","UGC 7895","Galaxy",9.6,"Size: 3.4  cB, pS, lE, mbM","Virgo","Herschel 400","Spring","Green"
"268","4654","IC 3708","Galaxy",9.5,"Size: 4.7  F, vL, pmE (D?), 3 st nr; = I","Virgo","Herschel 400","Spring","Green"
"269","4656","UGC 7907","Galaxy",9.4,"Size: 13.8  !, pB, L, vmE 34deg , sp of","Canes Venatici","Herschel 400","Fall","Green"
"270","4660","UGC 7914","Galaxy",10,"Size: 2.8  vB, S, vsvmbMN","Virgo","Herschel 400","Spring","Green"
"271","4665","NGC 4624","Galaxy",11,"Size: 4.2  B, pL, iR, mbM, *10 sp","Virgo","Herschel 400","Spring","Green"
"272","4666","UGC 7926","Galaxy",9.8,"Size: 4.5  B, vL, mE 45deg +/- , psbM","Virgo","Herschel 400","Spring","Green"
"273","4689","UGC 7965","Galaxy",9.9,"Size: 4.0  pB, vL, E, vglbM, r","Como Berenices","Herschel 400","Fall","Green"
"274","4697","MCG 1-33-10","Galaxy",8.3,"Size: 6.0  vB, L, lE 45deg +/- , smbMN","Virgo","Herschel 400","Spring","Green"
"275","4698","UGC 7970","Galaxy",9.7,"Size: 4.3  cB, pL, iR, bM, r","Virgo","Herschel 400","Spring","Green"
"276","4699","MCG 1-33-13","Galaxy",8.6,"Size: 3.5  vB, R, vmbMrN, r","Virgo","Herschel 400","Spring","Green"
"277","4725","UGC 7989","Galaxy",8.2,"Size: 11.0  vB, vL, E, vg, vsvmbMeBN","Como Berenices","Herschel 400","Fall","Green"
"278","4753","UGC 8009","Galaxy",8.9,"Size: 5.4  cB, L, vlE, vglbM","Virgo","Herschel 400","Spring","Green"
"279","4754","UGC 8010","Galaxy",9.6,"Size: 4.7  B, pL, R, psbM, p of 2","Virgo","Herschel 400","Spring","Green"
"280","4762","UGC 8016","Galaxy",9.2,"Size: 8.7  pB, vmE 31deg , 3 B st s, f o","Virgo","Herschel 400","Spring","Green"
"281","4781","MCG 2-33-49","Galaxy",11,"Size: 3.5  cB, vL, mE","Virgo","Herschel 400","Spring","Green"
"282","4800","UGC 8035","Galaxy",11,"Size: 1.8  pB, cS, R, psbM, *14 p","Canes Venatici","Herschel 400","Fall","Green"
"283","4845","UGC 8078","Galaxy",11,"Size: 5.0  pF, pL, pmE, vgbM, * nf 30deg","Virgo","Herschel 400","Spring","Green"
"284","4856","MCG 2-33-78","Galaxy",9.4,"Size: 4.6  B, R, psmbM, *13 np","Virgo","Herschel 400","Spring","Green"
"285","4866","UGC 8102","Galaxy",10,"Size: 6.5  B, pL, mE 90deg , sbMN, S* in","Virgo","Herschel 400","Spring","Green"
"286","4900","UGC 8116","Galaxy",10.5,"Size: 2.3  cB, cE, *10 att 135deg +/-","Virgo","Herschel 400","Spring","Green"
"287","4958","MCG 1-33-84","Galaxy",9.5,"Size: 4.1  vB, pS, E, bMBN","Virgo","Herschel 400","Spring","Green"
"288","4995","MCG 1-34-7","Galaxy",10,"Size: 2.5  pB, pL, R, vgpmbM, *8 np","Virgo","Herschel 400","Spring","Green"
"289","5005","UGC 8256","Galaxy",8.8,"Size: 5.4  vB, vL, vmE 66deg , vsbMN","Canes Venatici","Herschel 400","Fall","Green"
"290","5033","UGC 8307","Galaxy",9.1,"Size: 10.5  vB, pL, E 167deg , smbMvBN,","Canes Venatici","Herschel 400","Fall","Green"
"291","5054","MCG 3-34-39","Galaxy",10,"Size: 5.0  F, pS, iR","Virgo","Herschel 400","Spring","Green"
"292","5195","UGC 8494","Galaxy",8.6,"Size: 5.4  B, pS, lE, vgbM, inv in M51","Canes Venatici","Herschel 400","Fall","Green"
"293","5248","UGC 8616","Galaxy",9.2,"Size: 6.5  B, L, E 150deg , psbMrN","Bootes","Herschel 400","Spring","Green"
"294","5273","UGC 8675","Galaxy",10.6,"Size: 3.1  cB, pL, R, g, psmbM","Canes Venatici","Herschel 400","Fall","Green"
"295","5322","UGC 8745","Galaxy",9,"Size: 5.5  vB, pL, iR, psmbM","Ursa Major","Herschel 400","Winter","Green"
"296","5363","UGC 8847","Galaxy",9.2,"Size: 4.2  B, pL, R, psbM, *8 nf","Virgo","Herschel 400","Spring","Green"
"297","5364","NGC 5317","Galaxy",9.4,"Size: 7.1  cF, L, R, gbM","Virgo","Herschel 400","Spring","Green"
"298","5466","GCL 27","Globular Cluster",9.1,"Size: 11.0  Cl, L, vRi, vmC, st 11...","Bootes","Herschel 400","Spring","Green"
"299","5473","UGC 9011","Galaxy",10.4,"Size: 2.6  pB, S, R, gbM","Ursa Major","Herschel 400","Winter","Green"
"300","5474","UGC 9013","Galaxy",9.9,"Size: 4.5  pB, L, bM","Ursa Major","Herschel 400","Winter","Green"
"301","5557","UGC 9161","Galaxy",10.1,"Size: 2.4  cB, S, R, vsbM *","Bootes","Herschel 400","Spring","Green"
"302","5566","UGC 9175","Galaxy",9.5,"Size: 6.5  B, pL, R, psbM, r, *12 f 1'.5","Virgo","Herschel 400","Spring","Green"
"303","5576","UGC 9183","Galaxy",9.9,"Size: 3.2  B, S, R, vsmbM, f of 2","Virgo","Herschel 400","Spring","Green"
"304","5631","UGC 9261","Galaxy",12,"Size: 2.2  B, S, R, psbMN","Ursa Major","Herschel 400","Winter","Green"
"305","5634","GCL 28","Globular Cluster",9.6,"Size: 4.9  glob. cl. , vB, cL, R, gbM, r","Virgo","Herschel 400","Spring","Green"
"306","5676","UGC 9366","Galaxy",9.9,"Size: 3.9  B, L, E 45deg +/- , pgbM, r","Bootes","Herschel 400","Spring","Green"
"307","5689","UGC 9399","Galaxy",10.9,"Size: 3.7  cB, pL, E 87deg , psmbM","Bootes","Herschel 400","Spring","Green"
"308","5694","GCL 29","Globular Cluster",10.2,"Size: 3.6  cB, cS, R, psbM, r, *9.5 sp","Hydra","Herschel 400","Spring","Green"
"309","5746","UGC 9499","Galaxy",9.6,"Size: 7.9  B, L, vmE 170deg , bmBN","Virgo","Herschel 400","Spring","Green"
"310","5846","UGC 9706","Galaxy",9.2,"Size: 3.4  vB, pL, R, psbMN, F* inv s, r","Virgo","Herschel 400","Spring","Green"
"311","5866","M 102?","Galaxy",9,"Size: 5.2  vB, cL, pmE 146deg , gbM","Draco","Herschel 400","Winter","Green"
"312","5897","GCL 33","Globular Cluster",8.6,"Size: 12.6  glob. cl. , pF, L, viR, vgbM","Libra","Herschel 400","Fall","Green"
"313","5907","NGC 5906","Galaxy",9.4,"Size: 12.3  cB, vL, vmE 155deg , vg, psb","Draco","Herschel 400","Winter","Green"
"314","5982","UGC 9961","Galaxy",10.1,"Size: 2.9  cB, S, R, psbM, r","Draco","Herschel 400","Winter","Green"
"315","6118","UGC 10350","Galaxy",11,"Size: 4.7  vF, cL, cE 45deg +/- , r","Serpens","Herschel 400","Fall","Green"
"316","6144","GCL 42","Globular Cluster",9.1,"Size: 9.3  Cl, cL, mC, gbM, rrr","Scorpius","Herschel 400","Summer","Green"
"317","6171","M 107","Globular Cluster",8.1,"Size: 10.0  glob. cl. , L, vRi, vmC, R,","Ophiuchus","Herschel 400","Summer","Green"
"318","6207","UGC 10521","Galaxy",10.6,"Size: 3.0  pB, pL, E 45deg +/- , vgmbM","Hercules","Herschel 400","Summer","Green"
"319","6217","UGC 10470","Galaxy",10.2,"Size: 3.1  B, cL, lE, slbM","Ursa Minor","Herschel 400","Winter","Green"
"320","6229","GCL 47","Globular Cluster",9.4,"Size: 4.5  glob. cl. , vB, L, R, disc &","Hercules","Herschel 400","Summer","Green"
"321","6235","GCL 48","Globular Cluster",10.2,"Size: 5.0  pB, cL, iR, rrr, st 14...16","Ophiuchus","Herschel 400","Summer","Green"
"322","6284","GCL 53","Globular Cluster",9,"Size: 5.6  glob. cl. , B, L, R, CM, rrr,","Ophiuchus","Herschel 400","Summer","Green"
"323","6287","GCL 54","Globular Cluster",9.2,"Size: 5.1  glob. cl. , cB, L, R, gmpCM,","Ophiuchus","Herschel 400","Summer","Green"
"324","6293","GCL 55","Globular Cluster",8.2,"Size: 7.9  glob. cl. , vB, L, R, psbM, r","Ophiuchus","Herschel 400","Summer","Green"
"325","6304","GCL 56","Globular Cluster",8.4,"Size: 6.8  glob. cl. , B, cL, R, lbM, rr","Ophiuchus","Herschel 400","Summer","Green"
"326","6316","GCL 57","Globular Cluster",9,"Size: 4.9  glob. cl. , cB, pS, R, gvmbM,","Ophiuchus","Herschel 400","Summer","Green"
"327","6342","GCL 61","Globular Cluster",9.9,"Size: 3.0  cB, pS, lE, er","Ophiuchus","Herschel 400","Summer","Green"
"328","6355","GCL 63","Globular Cluster",9.6,"Size: 5.0  cF, L, R, gbM, rrr","Ophiuchus","Herschel 400","Summer","Green"
"329","6356","GCL 62","Globular Cluster",8.4,"Size: 7.2  glob. cl. , vB, cL, vgvmbM, r","Ophiuchus","Herschel 400","Summer","Green"
"330","6369","PK 2+5.1;H IV 11","Planetary Nebula",12,"Size: 1.1  !! ring , pB, S, R","Ophiuchus","Herschel 400","Summer","Green"
"331","6401","GCL 73","Globular Cluster",9.5,"Size: 5.6  pB, pL, R, *12 f inv","Ophiuchus","Herschel 400","Summer","Green"
"332","6426","GCL 76","Globular Cluster",11.2,"Size: 3.2  vF, cL, E, vlbM","Ophiuchus","Herschel 400","Summer","Green"
"333","6440","GCL 77","Globular Cluster",9.7,"Size: 5.4  pB, pL, R, bM","Sagittarius","Herschel 400","Summer","Green"
"334","6445","PK 8+3.1;H II 586","Planetary Nebula",12,"Size: 0.6  pB, pS, R, gbM, r, *15 np","Sagittarius","Herschel 400","Summer","Green"
"335","6451","OCL 1035","Open Cluster",8,"Size: 8.  Cl, pL, pRi, bifid, st 12...","Scorpius","Herschel 400","Summer","Green"
"336","6514","M 20","Cluster Nebulosity",5.3,"Size: 29.  !!! vB, vL, trifid, D* inv; =","Sagittarius","Herschel 400","Summer","Green"
"337","6517","GCL 81","Globular Cluster",10.3,"Size: 4.3  pB, pL, R, rr","Ophiuchus","Herschel 400","Summer","Green"
"338","6520","OCL 10","Open Cluster",8,"Size: 6.  Cl, pS, Ri, lC, st 9...13","Sagittarius","Herschel 400","Summer","Green"
"339","6522","GCL 82","Globular Cluster",8.6,"Size: 5.6  glob. cl. , B, pL, R, gvmbM,","Sagittarius","Herschel 400","Summer","Green"
"340","6528","GCL 84","Globular Cluster",9.5,"Size: 3.7  glob. cl. , pF, cS, R, gbM, r","Sagittarius","Herschel 400","Summer","Green"
"341","6540",NA,"Open Cluster",15,"Size: 1.  pF, S, iE, er or Cl","Sagittarius","Herschel 400","Summer","Green"
"342","6543","PK 96+29.1","Planetary Nebula",8,"Size: 5.8  PN , vB, pS, sbMvSN","Draco","Herschel 400","Winter","Green"
"343","6544","GCL 87","Globular Cluster",8.3,"Size: 8.9  cF, pL, iR, r","Sagittarius","Herschel 400","Summer","Green"
"344","6553","GCL 88","Globular Cluster",8.3,"Size: 8.1  glob. cl. , F, L, lE, vglbM,","Sagittarius","Herschel 400","Summer","Green"
"345","6568","OCL 28","Open Cluster",9,"Size: 13.  Cl, vL, lC","Sagittarius","Herschel 400","Summer","Green"
"346","6569","GCL 91","Globular Cluster",8.7,"Size: 5.8  glob. cl. , cB, L, R, rrr, st","Sagittarius","Herschel 400","Summer","Green"
"347","6583","OCL 27","Open Cluster",10,"Size: 3.  Cl, pRi, pC, cE, st 13...","Sagittarius","Herschel 400","Summer","Green"
"348","6624","GCL 93","Globular Cluster",8.3,"Size: 5.9  glob. cl. , vB, pL, R, rrr, s","Sagittarius","Herschel 400","Summer","Green"
"349","6629","PK 9-5.1;H II 204","Planetary Nebula",11,"Size: 0.3  plan or glob. cl. , pB, eeS,","Sagittarius","Herschel 400","Summer","Green"
"350","6633","OCL 90","Open Cluster",4.6,"Size: 27.  Cl, lC, st L","Ophiuchus","Herschel 400","Summer","Green"
"351","6638","GCL 95","Globular Cluster",9.2,"Size: 5.0  glob. cl. , B, S, R, rr","Sagittarius","Herschel 400","Summer","Green"
"352","6642","GCL 97","Globular Cluster",8.8,"Size: 4.5  glob. cl. , pB, pL, iR, gpmbM","Sagittarius","Herschel 400","Summer","Green"
"353","6645","OCL 48","Open Cluster",9,"Size: 10.  Cl, pL, vRi, pC, st 11...15","Sagittarius","Herschel 400","Summer","Green"
"354","6664","OCL 68","Open Cluster",7.8,"Size: 16.  Cl, L, pRi, vlC","Scotum","Herschel 400","Fall","Green"
"355","6712","GCL 103","Globular Cluster",8.2,"Size: 7.2  glob. cl. , pB, vL, irr, vglb","Scotum","Herschel 400","Fall","Green"
"356","6755","OCL 96","Open Cluster",7.5,"Size: 15.  Cl, vL, vRi, pC, st 12...14","Aquila","Herschel 400","Summer","Green"
"357","6756","OCL 99","Open Cluster",11,"Size: 4.  Cl, S, Ri, lC, st 11...12","Aquila","Herschel 400","Summer","Green"
"358","6781","PK 41-2.1","Planetary Nebula",11,"Size: 1.8  PN , F, L, R, vsbM disc, S* n","Aquila","Herschel 400","Summer","Green"
"359","6802","OCL 114","Open Cluster",8.8,"Size: 3.  Cl, L, vC, E 0deg , st 14...18","Vulpecula","Herschel 400","Fall","Green"
"360","6818","PK 25-17.1","Planetary Nebula",9,"Size: 0.3  PN , B, vS, R","Sagittarius","Herschel 400","Summer","Green"
"361","6823","OCL 124","Open Cluster",7.1,"Size: 12.  Cl, cRi, E, st 11...12","Vulpecula","Herschel 400","Fall","Green"
"362","6826","PK 83+12.1","Planetary Nebula",9,"Size: 2.3  PN , B, pL, R, *11 M","Cygnus","Herschel 400","Summer","Green"
"363","6830","OCL 125","Open Cluster",7.9,"Size: 12.  Cl, L, pRi, pC, st 11...12","Vulpecula","Herschel 400","Fall","Green"
"364","6834","OCL 134","Open Cluster",7.8,"Size: 5.  Cl, P, lC, st 11...12","Cygnus","Herschel 400","Summer","Green"
"365","6866","OCL 183","Open Cluster",7.6,"Size: 7.  Cl, L, vRi, cC","Cygnus","Herschel 400","Summer","Green"
"366","6882",NA,"Open Cluster",8.1,"Size: 18.  Cl, P, lC","Vulpecula","Herschel 400","Fall","Green"
"367","6885","OCL 152","Open Cluster",6,"Size: 7.  Cl, vB, vL, Ri, lC, st 6...11","Vulpecula","Herschel 400","Fall","Green"
"368","6905","PK 61-9.1;H IV 16","Planetary Nebula",11,"Size: 1.7  !!, PN , B, pS, R, 4 S st nr","Deplhinus","Herschel 400","Fall","Green"
"369","6910","OCL 181","Open Cluster",7.4,"Size: 8.  Cl, pB, pS, P, pC, st 10...12","Cygnus","Herschel 400","Summer","Green"
"370","6934","GCL 117","Globular Cluster",8.9,"Size: 5.9  glob. cl. , B, L, R, rrr, st","Deplhinus","Herschel 400","Fall","Green"
"371","6939","OCL 217","Open Cluster",7.8,"Size: 8.  Cl, pL, eRi, pCM, st 11...16","Cephas","Herschel 400","Winter","Green"
"372","6940","OCL 141","Open Cluster",6.3,"Size: 31.  Cl, vB, vL, vRi, cC, st pL","Vulpecula","Herschel 400","Fall","Green"
"373","6946","UGC 11597","Galaxy",7.9,"Size: 11.0  vF, vL, vg, vsbM, rr","Cephas","Herschel 400","Winter","Green"
"374","7000","LBN 373","Nebula",NA,"Size: 120.  F, eeL, dif nebulosity","Cygnus","Herschel 400","Summer","Green"
"375","7006","GCL 119","Globular Cluster",10.6,"Size: 2.8  B, pL, R, gbM","Deplhinus","Herschel 400","Fall","Green"
"376","7008","PK 93+5.2","Planetary Nebula",12,"Size: 1.4  cB, L, E 45deg +/- , r, **  a","Cygnus","Herschel 400","Summer","Green"
"377","7009","PK 37-34.1","Planetary Nebula",7,"Size: 1.7  !!!, PN , vB, S, elliptic","Aquarius","Herschel 400","Fall","Green"
"378","7044","OCL 198","Open Cluster",11,"Cl, vF, pL, vRi, vC st 15...18","Cygnus","Herschel 400","Summer","Green"
"379","7062","OCL 205","Open Cluster",8.3,"Size: 7.  Cl, pS, pRi, pC, st 13...","Cygnus","Herschel 400","Summer","Green"
"380","7086","OCL 214","Open Cluster",8.4,"Size: 9.  Cl, cL, vRi, pC, st 11...16","Cygnus","Herschel 400","Summer","Green"
"381","7128","OCL 218","Open Cluster",9.7,"Size: 3.  Cl, S, pRi, has a ruby *9.5","Cygnus","Herschel 400","Summer","Green"
"382","7142","OCL 241","Open Cluster",9.3,"Size: 4.  Cl, cL, cRi, pC, st 11...14","Cephas","Herschel 400","Winter","Green"
"383","7160","OCL 236","Open Cluster",6.1,"Size: 7.  Cl, P, vlC","Cephas","Herschel 400","Winter","Green"
"384","7209","OCL 215","Open Cluster",6.7,"Size: 25.  Cl, L, cRi, pC, st 9...12","Lacerta","Herschel 400","Fall","Green"
"385","7217","UGC 11914","Galaxy",9.2,"Size: 3.7  B, pL, gbM, er","Pegasus","Herschel 400","Fall","Green"
"386","7243","OCL 221","Open Cluster",6.4,"Size: 21.  Cl, L, P, lC, st vL","Lacerta","Herschel 400","Fall","Green"
"387","7296","OCL 228","Open Cluster",10,"Size: 4.  Cl, iR, lC, st vS","Lacerta","Herschel 400","Fall","Green"
"388","7331","UGC 12113","Galaxy",8.5,"Size: 10.7  B, pL, pmE 163deg , smbM","Pegasus","Herschel 400","Fall","Green"
"389","7380","OCL 244","Cluster Nebulosity",6.2,"Size: 25.  Cl, pL, pRi, lC, st 9...13","Cephas","Herschel 400","Winter","Green"
"390","7448","UGC 12294","Galaxy",10.7,"Size: 2.7  pB, L, E 173deg , vgbM, *11 f","Pegasus","Herschel 400","Fall","Green"
"391","7479","UGC 12343","Galaxy",10,"Size: 4.1  pB, cL, mE 12deg , bet 2 st","Pegasus","Herschel 400","Fall","Green"
"392","7510","OCL 256","Open Cluster",7.9,"Size: 4.  Cl, pRi, pC, fan-sh, st pB","Cephas","Herschel 400","Winter","Green"
"393","7606","MCG 2-59-12","Galaxy",9.8,"Size: 5.8  pF, cL, pmE 0deg +/-","Aquarius","Herschel 400","Fall","Green"
"394","7662","PK 106-17.1","Planetary Nebula",8,"Size: 2.2  !!! PN  or ring , vB, pS, R,","Andramada","Herschel 400","Fall","Green"
"395","7686","OCL 251","Open Cluster",5.6,"Size: 15.  Cl, P, lC, st 7...11","Andramada","Herschel 400","Fall","Green"
"396","7723","MCG 2-60-5","Galaxy",10.1,"Size: 3.6  cB, cL, E, gmbM, r","Aquarius","Herschel 400","Fall","Green"
"397","7727","MCG 2-60-8","Galaxy",9.7,"Size: 4.2  pB, pL, iR, mbM","Aquarius","Herschel 400","Fall","Green"
"398","7789","OCL 269","Open Cluster",6.7,"Size: 16.  Cl, vL, vRi, vmC, st 11...18","Cassiopeia","Herschel 400","Winter","Green"
"399","7790","OCL 276","Open Cluster",8.5,"Size: 17.  Cl, pRi, pC","Cassiopeia","Herschel 400","Winter","Green"
"400","7814","UGC 8","Galaxy",9.5,"Size: 6.3  cB, cL, E, vgbM","Pegasus","Herschel 400","Fall","Green"
"401","1","NGC 1952 Crab Nebula","Supernova Remnant",8.4,"Size: 6.0x4.0","Taurus","Messier Objects","Winter","Green"
"402","2","NGC 7089","Globular Cluster",6.5,"Size: 12.9","Aquarius","Messier Objects","Fall","Green"
"403","3","NGC 5272","Globular Cluster",6.2,"Size: 16.2","Canes Venatici","Messier Objects","Fall","Green"
"404","4","NGC 6121","Globular Cluster",5.6,"Size: 26.3","Scorpius","Messier Objects","Summer","Green"
"405","5","NGC 5904","Globular Cluster",5.6,"Size: 17.4","Serpens Caput","Messier Objects","Fall","Green"
"406","6","NGC 6405 Butterfly Cluster","Open Cluster",5.3,"Size: 25","Scorpius","Messier Objects","Summer","Green"
"407","7","NGC 6475 Ptolemy¹s Cluster","Open Cluster",4.1,"Size: 80","Scorpius","Messier Objects","Summer","Green"
"408","8","NGC 6523 Lagoon Nebula","Diffuse Nebula",5,"Size: 90x40","Sagittarius","Messier Objects","Summer","Green"
"409","9","NGC 6333","Globular Cluster",7.7,"Size: 9.3","Ophiucus","Messier Objects","Fall","Green"
"410","10","NGC 6254","Globular Cluster",6.6,"Size: 15.1","Ophiucus","Messier Objects","Fall","Green"
"411","11","NGC 6705 Wild Duck Cluster","Open Cluster",6.3,"Size: 14","Scutum","Messier Objects","Fall","Green"
"412","12","NGC 6218","Globular Cluster",6.7,"Size: 14.5","Ophiucus","Messier Objects","Fall","Green"
"413","13","NGC 6205 Hercules Globular Cluster","Globular Cluster",5.8,"Size: 16.6","Hercules","Messier Objects","Summer","Green"
"414","14","NGC 6402","Globular Cluster",7.6,"Size: 11.7","Ophiucus","Messier Objects","Fall","Green"
"415","15","NGC 7078","Globular Cluster",6.2,"Size: 12.3","Pegasus","Messier Objects","Fall","Green"
"416","16","NGC 6611 Eagle Nebula Cluster","Open Cluster",6.4,"Size: 7","Serpens Claudia","Messier Objects","Fall","Green"
"417","17","NGC 6618 Omega, Swan, Horseshoe Nebula","Diffuse Nebula",6,"Size: 11","Sagittarius","Messier Objects","Summer","Green"
"418","18","NGC 6613","Open Cluster",7.5,"Size: 9","Sagittarius","Messier Objects","Summer","Green"
"419","19","NGC 6273","Globular Cluster",6.8,"Size: 13.5","Ophiucus","Messier Objects","Fall","Green"
"420","20","NGC 6514 Trifid Nebula","Diffuse Nebula",8,"Size: 28","Sagittarius","Messier Objects","Summer","Green"
"421","21","NGC 6531","Open Cluster",6.5,"Size: 13","Sagittarius","Messier Objects","Summer","Green"
"422","22","NGC 6656","Globular Cluster",5.1,"Size: 24","Sagittarius","Messier Objects","Summer","Green"
"423","23","NGC 6494","Open Cluster",6.9,"Size: 27","Sagittarius","Messier Objects","Summer","Green"
"424","24","NGC 6603 Milky Way Patch","Star Cloud",4.6,"Size: 90","Sagittarius","Messier Objects","Summer","Green"
"425","25","IC 4725","Open Cluster",6.5,"Size: 40","Sagittarius","Messier Objects","Summer","Green"
"426","26","NGC 6694","Open Cluster",8,"Size: 15","Scutum","Messier Objects","Fall","Green"
"427","27","NGC 6853 Dumbbell Nebula","Planetary Nebula",6.4,"Size: 8.0x5.7","Vulpecula","Messier Objects","Fall","Green"
"428","28","NGC 6626","Globular Cluster",6.8,"Size: 11.2","Sagittarius","Messier Objects","Summer","Green"
"429","29","NGC 6913","Open Cluster",7.1,"Size: 7","Cygnus","Messier Objects","Summer","Green"
"430","30","NGC 7099","Globular Cluster",7.2,"Size: 11","Capricornus","Messier Objects","Fall","Green"
"431","31","NGC 224 Andromeda Galaxy","Spiral Galaxy",2.4,"Size: 178x63","Andromeda","Messier Objects","Fall","Green"
"432","32","NGC 221 Satellite of M31","Elliptical Galaxy",7.1,"Size: 8x6","Andromeda","Messier Objects","Fall","Green"
"433","33","NGC 598 Triangulum/Pinwheel Galaxy","Spiral Galaxy",4.7,"Size: 73x45","Triangulum","Messier Objects","Fall","Green"
"434","34","NGC 1039","Open Cluster",5.5,"Size: 35","Perseus","Messier Objects","Winter","Green"
"435","35","NGC 2168","Open Cluster",5.3,"Size: 28","Gemini","Messier Objects","Winter","Green"
"436","36","NGC 1960","Open Cluster",6.3,"Size: 12","Auriga","Messier Objects","Fall","Green"
"437","37","NGC 2099","Open Cluster",6.2,"Size: 24","Auriga","Messier Objects","Fall","Green"
"438","38","NGC 1912","Open Cluster",7.4,"Size: 21","Auriga","Messier Objects","Fall","Green"
"439","39","NGC 7092","Open Cluster",5.2,"Size: 32","Cygnus","Messier Objects","Summer","Green"
"440","41","NGC 2287","Open Cluster",4.6,"Size: 38","Canis Major","Messier Objects","Winter","Green"
"441","42","NGC 1976 Great Orion Nebula","Diffuse Nebula",3,"Size: 85x60","Orion","Messier Objects","Winter","Green"
"442","43","NGC 1982 de Mairan¹s Nebula","Diffuse Nebula",8,"Size: 20x15","Orion","Messier Objects","Winter","Green"
"443","44","NGC 2632 Beehive Cluster (Praesepe)","Open Cluster",3.7,"Size: 95","Cancer","Messier Objects","Spring","Green"
"444","45","Pleiades, Subaru, Seven Sisters","Open Cluster",1.6,"Size: 110","Taurus","Messier Objects","Winter","Green"
"445","46","NGC 2437","Open Cluster",6,"Size: 27","Puppis","Messier Objects","Fall","Green"
"446","47","NGC 2422","Open Cluster",5.2,"Size: 30","Puppis","Messier Objects","Fall","Green"
"447","48","NGC 2548","Open Cluster",5.5,"Size: 54","Hydra","Messier Objects","Spring","Green"
"448","49","NGC 4472","Elliptical Galaxy",7.4,"Size: 9x7.5","Virgo","Messier Objects","Spring","Green"
"449","50","NGC 2323","Open Cluster",6.3,"Size: 16","Monocerus","Messier Objects","Fall","Green"
"450","51","NGC 5194 Whirlpool Galaxy","Spiral Galaxy",7.4,"Size: 11x7","Canes Venatici","Messier Objects","Fall","Green"
"451","52","NGC 7654","Open Cluster",7.3,"Size: 13","Cassiopeia","Messier Objects","Winter","Green"
"452","53","NGC 5024","Globular Cluster",7.6,"Size: 12.6","Coma Berenices","Messier Objects","Fall","Green"
"453","54","NGC 6715","Globular Cluster",7.6,"Size: 9.1","Sagittarius","Messier Objects","Summer","Green"
"454","55","NGC 6809","Globular Cluster",6.3,"Size: 19","Sagittarius","Messier Objects","Summer","Green"
"455","56","NGC 6779","Globular Cluster",8.3,"Size: 7.1","Lyra","Messier Objects","Summer","Green"
"456","57","NGC 6720 Ring Nebula","Planetary Nebula",7.8,"Size: 1.4x1","Lyra","Messier Objects","Summer","Green"
"457","58","NGC 4579","Spiral Galaxy",8.7,"Size: 5.5x4.5","Virgo","Messier Objects","Spring","Green"
"458","59","NGC 4621","Elliptical Galaxy",8.6,"Size: 5x3.5","Virgo","Messier Objects","Spring","Green"
"459","60","NGC 4649","Elliptical Galaxy",7.8,"Size: 7x6","Virgo","Messier Objects","Spring","Green"
"460","61","NGC 4303","Spiral Galaxy",8.7,"Size: 6x5.5","Virgo","Messier Objects","Spring","Green"
"461","62","NGC 6266","Globular Cluster",6.5,"Size: 14.1","Ophiucus","Messier Objects","Fall","Green"
"462","63","NGC 5055 Sunflower Galaxy","Spiral Galaxy",7.6,"Size: 10x6","Canes Venatici","Messier Objects","Fall","Green"
"463","64","NGC 4826 Blackeye Galaxy","Spiral Galaxy",7.5,"Size: 9.3x5.4","Coma Berenices","Messier Objects","Fall","Green"
"464","65","NGC 3623","Spiral Galaxy",8.3,"Size: 8x1.5","Leo","Messier Objects","Spring","Green"
"465","66","NGC 3627","Spiral Galaxy",7.9,"Size: 8x2.5","Leo","Messier Objects","Spring","Green"
"466","67","NGC 2682","Open Cluster",6.1,"Size: 30","Cancer","Messier Objects","Spring","Green"
"467","68","NGC 4590","Globular Cluster",7.8,"Size: 12","Hydra","Messier Objects","Spring","Green"
"468","69","NGC 6637","Globular Cluster",7.6,"Size: 7.1","Sagittarius","Messier Objects","Summer","Green"
"469","70","NGC 6681","Globular Cluster",7.9,"Size: 7.8","Sagittarius","Messier Objects","Summer","Green"
"470","71","NGC 6838","Globular Cluster",8.3,"Size: 7.2","Sagitta","Messier Objects","Fall","Green"
"471","72","NGC 6981","Globular Cluster",9.3,"Size: 5.9","Aquarius","Messier Objects","Fall","Green"
"472","73","NGC 6994  Group of 4 stars","Group/Asterism",9,"Size: 2.8","Aquarius","Messier Objects","Fall","Green"
"473","74","NGC 628","Spiral Galaxy",8.4,"Size: 10.2x9.5","Pisces","Messier Objects","Fall","Green"
"474","75","NGC 6864","Globular Cluster",8.5,"Size: 6","Sagittarius","Messier Objects","Summer","Green"
"475","76","NGC 650 Little Dumbell, Cork, Butterfly Nebula","Planetary Nebula",9.1,"Size: 2.7x1.8","Perseus","Messier Objects","Winter","Green"
"476","77","NGC 1068 Cetus A","Spiral Galaxy",7.9,"Size: 7x6","Cetus","Messier Objects","Fall","Green"
"477","78","NGC 2068","Diffuse Nebula",7.3,"Size: 8x6","Orion","Messier Objects","Winter","Green"
"478","79","NGC 1904","Globular Cluster",7.7,"Size: 8.7","Lepus","Messier Objects","Fall","Green"
"479","80","NGC 6093","Globular Cluster",7.3,"Size: 8.9","Scorpius","Messier Objects","Summer","Green"
"480","81","NGC 3031 Bode¹s Galaxy","Spiral Galaxy",5.9,"Size: 21x10","Ursa Major","Messier Objects","Winter","Green"
"481","82","NGC 3034 Cigar Galaxy","Irregular Galaxy",8.4,"Size: 9.x4","Ursa Major","Messier Objects","Winter","Green"
"482","83","NGC 5236 Southern Pinwheel Galaxy","Spiral Galaxy",6.6,"Size: 11x10","Hydra","Messier Objects","Spring","Green"
"483","84","NGC 4374","Lenticular (S0) Galaxy",9.1,"Size: 5","Virgo","Messier Objects","Spring","Green"
"484","85","NGC 4382","Lenticular (S0) Galaxy",9.1,"Size: 7.1x5.2","Coma Berenices","Messier Objects","Fall","Green"
"485","86","NGC 4406","Lenticular (S0) Galaxy",8.9,"Size: 7.5x5.5","Virgo","Messier Objects","Spring","Green"
"486","87","NGC 4486 Virgo A","Elliptical Galaxy",7.6,"Size: 7","Virgo","Messier Objects","Spring","Green"
"487","88","NGC 4501","Spiral Galaxy",8.6,"Size: 7x4","Coma Berenices","Messier Objects","Fall","Green"
"488","89","NGC 4552","Elliptical Galaxy",8.8,"Size: 4","Virgo","Messier Objects","Spring","Green"
"489","90","NGC 4569","Spiral Galaxy",8.5,"Size: 9.5x4.5","Virgo","Messier Objects","Spring","Green"
"490","91","NGC 4548","Spiral Galaxy",9.2,"Size: 5.4x4.4","Coma Berenices","Messier Objects","Fall","Green"
"491","92","NGC 6341","Globular Cluster",6.4,"Size: 11.2","Hercules","Messier Objects","Summer","Green"
"492","93","NGC 2447","Open Cluster",6,"Size: 22","Puppis","Messier Objects","Fall","Green"
"493","94","NGC 4736","Spiral Galaxy",7.2,"Size: 7x3","Canes Venatici","Messier Objects","Fall","Green"
"494","95","NGC 3351","Spiral Galaxy",8.7,"Size: 4.4x3.3","Leo","Messier Objects","Spring","Green"
"495","96","NGC 3368","Spiral Galaxy",8.2,"Size: 6x4","Leo","Messier Objects","Spring","Green"
"496","97","NGC 3587 Owl Nebula","Planetary Nebula",8.9,"Size: 3.4x3.3","Ursa Major","Messier Objects","Winter","Green"
"497","98","NGC 4192","Spiral Galaxy",9.1,"Size: 9.5x3.2","Coma Berenices","Messier Objects","Fall","Green"
"498","99","NGC 4254","Spiral Galaxy",8.9,"Size: 5.4x4.8","Coma Berenices","Messier Objects","Fall","Green"
"499","100","NGC 4321","Spiral Galaxy",8.3,"Size: 7x6","Coma Berenices","Messier Objects","Fall","Green"
"500","101","NGC 5457 Pinwheel Galaxy","Spiral Galaxy",6.9,"Size: 22","Ursa Major","Messier Objects","Winter","Green"
"501","102","NGC 5866 Spindle Galaxy","Lenticular (S0) Galaxy",9.9,"Size: 5.2x2.3","Draco","Messier Objects","Winter","Green"
"502","103","NGC 581","Open Cluster",7.4,"Size: 6","Cassiopeia","Messier Objects","Winter","Green"
"503","104","NGC 4594 Sombrero Galaxy","Spiral Galaxy",7,"Size: 9x4","Virgo","Messier Objects","Spring","Green"
"504","105","NGC 3379","Elliptical Galaxy",8.3,"Size: 2","Leo","Messier Objects","Spring","Green"
"505","106","NGC 4258","Spiral Galaxy",7.4,"Size: 19x8","Canes Venatici","Messier Objects","Fall","Green"
"506","107","NGC 6171","Globular Cluster",7.9,"Size: 10","Ophiucus","Messier Objects","Fall","Green"
"507","108","NGC 3556","Spiral Galaxy",9,"Size: 8x1","Ursa Major","Messier Objects","Winter","Green"
"508","109","NGC 3992","Spiral Galaxy",8.8,"Size: 7x4","Ursa Major","Messier Objects","Winter","Green"
"509","110","NGC 205 Satellite of M31","Elliptical Galaxy",7.5,"Size: 17x10","Andromeda","Messier Objects","Fall","Green"
